Workbook

Sheet Overview 
H2: Collateral and margining Simulation
E4: The objective of this project is to better understand the counterparty risk, variation margin initial margin and liquidity stress in OTC Derivatives

Sheet Inputs
B5: Category | C5: Input | D5: Value | E5: Unit / Description
B6: Market | C6: Initial underlying price | D6: 100 | E6: Starting price of the underlying asset
B7: Market | C7: Annual volatility | D7: 0.2 | E7: Expected annual volatility of the underlying
B8: Market | C8: Annual drift | D8: 0 | E8: Expected annual return, kept simple for now
B9: Market | C9: Trading days per year | D9: 252 | E9: Standard number of trading days
B10: Simulation | C10: Number of simulation days | D10: 252 | E10: One trading year
B11: Derivative | C11: Derivative type | D11: Long Forward | E11: Simplified OTC derivative position
B12: Derivative | C12: Notional | D12: 1000000 | E12: Size of the derivative exposure
B13: Derivative | C13: Forward strike | D13: 100 | E13: Contract price agreed at inception
B14: Margining | C14: Variation margin frequency | D14: Daily | E14: Margin exchanged every day
B15: Margining | C15: Initial margin confidence level | D15: 0.99 | E15: Confidence level used for IM
B16: Margining | C16: Margin Period of Risk | D16: 10 | E16: Days between default and close-out
B17: Margining | C17: Initial margin method | D17: Parametric VaR | E17: Simple method for first version
B18: Default | C18: Default day | D18: 180 | E18: Day on which counterparty defaults
B19: Stress | C19: Stress volatility multiplier | D19: 2.0 | E19: Used later to show liquidity stress

Sheet Simulation
B2: Underlying Asset Simulation | E2: Day | F2: Random Shock | G2: Daily Return | H2: Underlying Price
E3: 0 | H3: =+Inputs!D6 -> 100
E4: =+E3+1 -> 1 | F4: =_xlfn.NORM.S.INV(RAND()) -> 1.9946899 | G4: =(Inputs!$D$8-0.5*Inputs!$D$7^2)/Inputs!$D$9+Inputs!$D$7*SQRT(1/Inputs!$D$9)*F4 -> 0.025051365 | H4: =H3*EXP(G4) -> 102.53678
E5: =+E4+1 -> 2 | F5: =_xlfn.NORM.S.INV(RAND()) -> 0.46651395 | G5: =(Inputs!$D$8-0.5*Inputs!$D$7^2)/Inputs!$D$9+Inputs!$D$7*SQRT(1/Inputs!$D$9)*F5 -> 0.0057981582 | H5: =H4*EXP(G5) -> 103.13303
E6: =+E5+1 -> 3 | F6: =_xlfn.NORM.S.INV(RAND()) -> -0.4043613 | G6: =(Inputs!$D$8-0.5*Inputs!$D$7^2)/Inputs!$D$9+Inputs!$D$7*SQRT(1/Inputs!$D$9)*F6 -> -0.0051738386 | H6: =H5*EXP(G6) -> 102.60081
E7: =+E6+1 -> 4 | F7: =_xlfn.NORM.S.INV(RAND()) -> -1.1592222 | G7: =(Inputs!$D$8-0.5*Inputs!$D$7^2)/Inputs!$D$9+Inputs!$D$7*SQRT(1/Inputs!$D$9)*F7 -> -0.014684192 | H7: =H6*EXP(G7) -> 101.10521
E8: =+E7+1 -> 5 | F8: =_xlfn.NORM.S.INV(RAND()) -> 0.49092348 | G8: =(Inputs!$D$8-0.5*Inputs!$D$7^2)/Inputs!$D$9+Inputs!$D$7*SQRT(1/Inputs!$D$9)*F8 -> 0.0061056895 | H8: =H7*EXP(G8) -> 101.72442
E9: =+E8+1 -> 6 | F9: =_xlfn.NORM.S.INV(RAND()) -> -0.73903127 | G9: =(Inputs!$D$8-0.5*Inputs!$D$7^2)/Inputs!$D$9+Inputs!$D$7*SQRT(1/Inputs!$D$9)*F9 -> -0.0093902839 | H9: =H8*EXP(G9) -> 100.77367
E10: =+E9+1 -> 7 | F10: =_xlfn.NORM.S.INV(RAND()) -> -0.0079436707 | G10: =(Inputs!$D$8-0.5*Inputs!$D$7^2)/Inputs!$D$9+Inputs!$D$7*SQRT(1/Inputs!$D$9)*F10 -> -0.00017944592 | H10: =H9*EXP(G10) -> 100.75559
E11: =+E10+1 -> 8 | F11: =_xlfn.NORM.S.INV(RAND()) -> 0.57366748 | G11: =(Inputs!$D$8-0.5*Inputs!$D$7^2)/Inputs!$D$9+Inputs!$D$7*SQRT(1/Inputs!$D$9)*F11 -> 0.0071481658 | H11: =H10*EXP(G11) -> 101.47838
E12: =+E11+1 -> 9 | F12: =_xlfn.NORM.S.INV(RAND()) -> -0.95589222 | G12: =(Inputs!$D$8-0.5*Inputs!$D$7^2)/Inputs!$D$9+Inputs!$D$7*SQRT(1/Inputs!$D$9)*F12 -> -0.012122475 | H12: =H11*EXP(G12) -> 100.25564
E13: =+E12+1 -> 10 | F13: =_xlfn.NORM.S.INV(RAND()) -> 0.86428531 | G13: =(Inputs!$D$8-0.5*Inputs!$D$7^2)/Inputs!$D$9+Inputs!$D$7*SQRT(1/Inputs!$D$9)*F13 -> 0.010809606 | H13: =H12*EXP(G13) -> 101.34524
E14: =+E13+1 -> 11 | F14: =_xlfn.NORM.S.INV(RAND()) -> 1.0360799 | G14: =(Inputs!$D$8-0.5*Inputs!$D$7^2)/Inputs!$D$9+Inputs!$D$7*SQRT(1/Inputs!$D$9)*F14 -> 0.012974014 | H14: =H13*EXP(G14) -> 102.66866
E15: =+E14+1 -> 12 | F15: =_xlfn.NORM.S.INV(RAND()) -> -1.8842869 | G15: =(Inputs!$D$8-0.5*Inputs!$D$7^2)/Inputs!$D$9+Inputs!$D$7*SQRT(1/Inputs!$D$9)*F15 -> -0.023819148 | H15: =H14*EXP(G15) -> 100.25208
... E255: =+E254+1 -> 252 | F255: =_xlfn.NORM.S.INV(RAND()) -> -0.066677389 | G255: =(Inputs!$D$8-0.5*Inputs!$D$7^2)/Inputs!$D$9+Inputs!$D$7*SQRT(1/Inputs!$D$9)*F255 -> -0.00091942122 | H255: =H254*EXP(G255) -> 125.93694

Sheet MTM and VM
G2: Day | H2: Underlying Price | I2: Forward Strike | J2: Mark-to-Market | K2: Variation Margin | L2: Cumulative VM
C3: Mark-to-Market and Variation Margin | G3: =Simulation!E3 -> 0 | H3: =Simulation!H3 -> 100 | I3: =Inputs!$D$13 -> 100 | J3: =(Simulation!H3-Inputs!$D$13)/Inputs!$D$13*Inputs!$D$12 -> 0 | K3: 0 | L3: 0
G4: =Simulation!E4 -> 1 | H4: =Simulation!H4 -> 102.53678 | I4: =Inputs!$D$13 -> 100 | J4: =(Simulation!H4-Inputs!$D$13)/Inputs!$D$13*Inputs!$D$12 -> 25367.787 | K4: =J4-J3 -> 25367.787 | L4: =+L3+K4 -> 25367.787
G5: =Simulation!E5 -> 2 | H5: =Simulation!H5 -> 103.13303 | I5: =Inputs!$D$13 -> 100 | J5: =(Simulation!H5-Inputs!$D$13)/Inputs!$D$13*Inputs!$D$12 -> 31330.301 | K5: =J5-J4 -> 5962.5138 | L5: =+L4+K5 -> 31330.301
G6: =Simulation!E6 -> 3 | H6: =Simulation!H6 -> 102.60081 | I6: =Inputs!$D$13 -> 100 | J6: =(Simulation!H6-Inputs!$D$13)/Inputs!$D$13*Inputs!$D$12 -> 26008.144 | K6: =J6-J5 -> -5322.1566 | L6: =+L5+K6 -> 26008.144
G7: =Simulation!E7 -> 4 | H7: =Simulation!H7 -> 101.10521 | I7: =Inputs!$D$13 -> 100 | J7: =(Simulation!H7-Inputs!$D$13)/Inputs!$D$13*Inputs!$D$12 -> 11052.121 | K7: =J7-J6 -> -14956.023 | L7: =+L6+K7 -> 11052.121
G8: =Simulation!E8 -> 5 | H8: =Simulation!H8 -> 101.72442 | I8: =Inputs!$D$13 -> 100 | J8: =(Simulation!H8-Inputs!$D$13)/Inputs!$D$13*Inputs!$D$12 -> 17244.176 | K8: =J8-J7 -> 6192.0544 | L8: =+L7+K8 -> 17244.176
G9: =Simulation!E9 -> 6 | H9: =Simulation!H9 -> 100.77367 | I9: =Inputs!$D$13 -> 100 | J9: =(Simulation!H9-Inputs!$D$13)/Inputs!$D$13*Inputs!$D$12 -> 7736.6731 | K9: =J9-J8 -> -9507.5027 | L9: =+L8+K9 -> 7736.6731
G10: =Simulation!E10 -> 7 | H10: =Simulation!H10 -> 100.75559 | I10: =Inputs!$D$13 -> 100 | J10: =(Simulation!H10-Inputs!$D$13)/Inputs!$D$13*Inputs!$D$12 -> 7555.8551 | K10: =J10-J9 -> -180.81801 | L10: =+L9+K10 -> 7555.8551
G11: =Simulation!E11 -> 8 | H11: =Simulation!H11 -> 101.47838 | I11: =Inputs!$D$13 -> 100 | J11: =(Simulation!H11-Inputs!$D$13)/Inputs!$D$13*Inputs!$D$12 -> 14783.834 | K11: =J11-J10 -> 7227.9789 | L11: =+L10+K11 -> 14783.834
G12: =Simulation!E12 -> 9 | H12: =Simulation!H12 -> 100.25564 | I12: =Inputs!$D$13 -> 100 | J12: =(Simulation!H12-Inputs!$D$13)/Inputs!$D$13*Inputs!$D$12 -> 2556.4054 | K12: =J12-J11 -> -12227.429 | L12: =+L11+K12 -> 2556.4054
G13: =Simulation!E13 -> 10 | H13: =Simulation!H13 -> 101.34524 | I13: =Inputs!$D$13 -> 100 | J13: =(Simulation!H13-Inputs!$D$13)/Inputs!$D$13*Inputs!$D$12 -> 13452.43 | K13: =J13-J12 -> 10896.025 | L13: =+L12+K13 -> 13452.43
G14: =Simulation!E14 -> 11 | H14: =Simulation!H14 -> 102.66866 | I14: =Inputs!$D$13 -> 100 | J14: =(Simulation!H14-Inputs!$D$13)/Inputs!$D$13*Inputs!$D$12 -> 26686.641 | K14: =J14-J13 -> 13234.211 | L14: =+L13+K14 -> 26686.641
G15: =Simulation!E15 -> 12 | H15: =Simulation!H15 -> 100.25208 | I15: =Inputs!$D$13 -> 100 | J15: =(Simulation!H15-Inputs!$D$13)/Inputs!$D$13*Inputs!$D$12 -> 2520.7875 | K15: =J15-J14 -> -24165.854 | L15: =+L14+K15 -> 2520.7875
... G255: =Simulation!E255 -> 252 | H255: =Simulation!H255 -> 125.93694 | I255: =Inputs!$D$13 -> 100 | J255: =(Simulation!H255-Inputs!$D$13)/Inputs!$D$13*Inputs!$D$12 -> 259369.45 | K255: =J255-J254 -> -1158.4235 | L255: =+L254+K255 -> 259369.45

Sheet Initial Margin
B2: Initial Margin Calculation
E16: Input | F16: Value | G16: Description
E17: Confidence Level 99% | F17: =+Inputs!$D$15 -> 0.99 | G17: Confidence level used for the margin calculation
E18: Z-score | F18: =_xlfn.NORM.S.INV(F17) -> 2.3263479 | G18: Normal quantile corresponding to the confidence level
E19: MPoR 10 | F19: =Inputs!$D$16 -> 10 | G19: Margin Period of Risk in days
E20: Daily MTM Volatility | F20: =+_xlfn.STDEV.S('MTM and VM'!K4:K255) -> 15534.859 | G20: Standard deviation of daily MTM changes
E21: Initial Margin | F21: =F18*F20*SQRT(F19) -> 114283.09 | G21: Estimated collateral buffer

Sheet Default Scenario
B2: Default Scenario Analysis
M11: Input | N11: Value | O11: Description
M12: Default Day | N12: =Inputs!$D$18 -> 180 | O12: Day on which the counterparty defaults
M13: MPoR | N13: =Inputs!$D$16 -> 10 | O13: Margin Period of Risk in days
M14: Close-out Day | N14: =N12+N13 -> 190 | O14: Day on which the position is closed
M15: MTM at Default | N15: =_xlfn.XLOOKUP(N12,'MTM and VM'!$G:$G,'MTM and VM'!$J:$J) -> 61613.579 | O15: Mark-to-market value at default
M16: MTM at Close-out | N16: =_xlfn.XLOOKUP(N14,'MTM and VM'!$G:$G,'MTM and VM'!$J:$J) -> 32120.366 | O16: Mark-to-market value after the MPoR
M17: Loss during MPoR | N17: =+MAX(N16-N15,0) -> 0 | O17: Additional exposure after default
M18: Initial Margin | N18: ='Initial Margin'!$F$21 -> 114283.09 | O18: Collateral buffer calculated previously
M19: Uncovered Loss | N19: =MAX(N17-N18,0) -> 0 | O19: Loss not covered by initial margin

Sheet Sensitivity Analysis
D2: Sensitivity Analysis | M2: MPoR Sensitivity
K9: MPoR | L9: Confidence Level | M9: Z-score | N9: Daily MTM Volatility | O9: Initial Margin
K10: 5 | L10: 0.99 | M10: =_xlfn.NORM.S.INV(L10) -> 2.3263479 | N10: ='Initial Margin'!$F$20 -> 15534.859 | O10: =M10*N10*SQRT(K10) -> 80810.348
K11: 10 | L11: 0.99 | M11: =_xlfn.NORM.S.INV(L11) -> 2.3263479 | N11: ='Initial Margin'!$F$20 -> 15534.859 | O11: =M11*N11*SQRT(K11) -> 114283.09
K12: 20 | L12: 0.99 | M12: =_xlfn.NORM.S.INV(L12) -> 2.3263479 | N12: ='Initial Margin'!$F$20 -> 15534.859 | O12: =M12*N12*SQRT(K12) -> 161620.7
K13: 30 | L13: 0.99 | M13: =_xlfn.NORM.S.INV(L13) -> 2.3263479 | N13: ='Initial Margin'!$F$20 -> 15534.859 | O13: =M13*N13*SQRT(K13) -> 197944.12
B24: Confidence Level | C24: Z-score | D24: Daily MTM Volatility | E24: MPoR | F24: Initial Margin | G24: Loss during MPoR | H24: Uncovered Loss
B25: 0.9 | C25: =_xlfn.NORM.S.INV(B25) -> 1.2815516 | D25: ='Initial Margin'!$F$20 -> 15534.859 | E25: 10 | F25: =C25*D25*SQRT(E25) -> 62956.91 | G25: ='Default Scenario'!$N$17 -> 0 | H25: =MAX(G25-F25,0) -> 0
B26: 0.95 | C26: =_xlfn.NORM.S.INV(B26) -> 1.6448536 | D26: ='Initial Margin'!$F$20 -> 15534.859 | E26: 10 | F26: =C26*D26*SQRT(E26) -> 80804.319 | G26: ='Default Scenario'!$N$17 -> 0 | H26: =MAX(G26-F26,0) -> 0
B27: 0.99 | C27: =_xlfn.NORM.S.INV(B27) -> 2.3263479 | D27: ='Initial Margin'!$F$20 -> 15534.859 | E27: 10 | F27: =C27*D27*SQRT(E27) -> 114283.09 | G27: ='Default Scenario'!$N$17 -> 0 | H27: =MAX(G27-F27,0) -> 0

Sheet Dashboard
K2: Collateral and Margining Dashboard
I4: A visual summary of counterparty risk, variation margin, initial margin and default exposure in OTC derivatives
F7: Key Input | H7: Value | P7: Key Output | R7: Value
F8: Notional | H8: =Inputs!$D$12 -> 1000000 | P8: Initial Margin | R8: ='Initial Margin'!$F$21 -> 114283.09
F9: Forward Strike | H9: =Inputs!$D$13 -> 100 | P9: Loss during MPoR | R9: ='Default Scenario'!$N$17 -> 0
F10: Confidence Level | H10: =Inputs!$D$15 -> 0.99 | P10: Uncovered Loss | R10: ='Default Scenario'!$N$17 -> 0
F11: MPoR | H11: =Inputs!$D$16 -> 10 | P11: MTM at Default | R11: ='Default Scenario'!$N$15 -> 61613.579
F12: Default Day | H12: =Inputs!$D$18 -> 180 | P12: MTM at Close-out | R12: ='Default Scenario'!$N$16 -> 32120.366
